Workbook
Name genehunt_crs: 0.9
Name xlm_OP_DA: [1]Templates!#REF!
Name xlm_OP_HC: [1]Templates!#REF!
Name xlm_OP_KNNC: [1]Templates!#REF!
Name xlm_OP_KNNP: [1]Templates!#REF!
Name xlm_OP_LR: [1]Templates!#REF!
Name xlm_OP_MLR: [1]Templates!#REF!
Name xlm_OP_NB: [1]Templates!#REF!
Name xlm_OP_NNC: [1]Templates!#REF!
Name xlm_OP_NNP: [1]Templates!#REF!
Name xlm_OP_PCA: [1]Templates!#REF!
Name xlm_PT_BT: [1]Templates!#REF!
Name xlm_PT_CHC: [1]Templates!#REF!
Name xlm_PT_CHL: [1]Templates!#REF!
Name xlm_PT_CHR: [1]Templates!#REF!
Name xlm_PT_CHRT: [1]Templates!#REF!
Name xlm_PT_MT: [1]Templates!#REF!
Name xlm_PT_RHC: [1]Templates!#REF!
Name xlm_PT_RHL: [1]Templates!#REF!
Name xlm_PT_RHR: [1]Templates!#REF!
Name xlm_PT_TVL: [1]Templates!#REF!
Name xlm_PT_TVR: [1]Templates!#REF!

Sheet MAMV
A1: Date | B1: MA(1) | C1: MA(2) | D1: MA(5) | E1: MA(10) | F1: MA(20) | G1: MA(50) | H1: MV(1) | I1: MV(2) | J1: MV(5) | K1: MV(10) | L1: MV(20) | M1: MV(50)
A2: 33661 | B2: 5019.22 | C2: 4985.36 | D2: 5020.698 | E2: 4951.499 | F2: 5061.39 | G2: 4926.6424 | H2: 375.55 | I2: 372.24 | J2: 432.28 | K2: 384.102 | L2: 389.9505 | M2: 393.9096
A3: 33662 | B3: 5031.69 | C3: 5025.455 | D3: 5012.076 | E3: 4968.72 | F3: 5043.472 | G3: 4939.2702 | H3: 280.75 | I3: 328.15 | J3: 408.75 | K3: 379.912 | L3: 377.3825 | M3: 396.2428
A4: 33663 | B4: 5142.42 | C4: 5087.055 | D4: 5026.512 | E4: 5006.271 | F4: 5031.0115 | G4: 4952.9662 | H4: 370.73 | I4: 325.74 | J4: 364.992 | K4: 387.259 | L4: 367.588 | M4: 399.8992
A5: 33665 | B5: 5144.37 | C5: 5143.395 | D5: 5057.84 | E5: 5036.766 | F5: 5026.3615 | G5: 4966.5222 | H5: 391.67 | I5: 381.2 | J5: 357.526 | K5: 401.597 | L5: 368.032 | M5: 403.3022
A6: 33666 | B6: 5056.64 | C6: 5100.505 | D6: 5078.868 | E6: 5042.898 | F6: 5018.312 | G6: 4978.6942 | H6: 332.22 | I6: 361.945 | J6: 350.184 | K6: 393.916 | L6: 366.0465 | M6: 406.0322
A7: 33667 | B7: 5066.4 | C7: 5061.52 | D7: 5088.304 | E7: 5054.501 | F7: 5011.4045 | G7: 4990.8272 | H7: 252.72 | I7: 292.47 | J7: 325.618 | K7: 378.949 | L7: 353.1715 | M7: 406.1668
A8: 33668 | B8: 5033.53 | C8: 5049.965 | D8: 5088.672 | E8: 5050.374 | F8: 5009.479 | G8: 5002.5062 | H8: 238.7 | I8: 245.71 | J8: 317.208 | K8: 362.979 | L8: 341.312 | M8: 407.3596
A9: 33669 | B9: 4988.08 | C9: 5010.805 | D9: 5057.804 | E9: 5042.158 | F9: 5005.803 | G9: 5011.6762 | H9: 231.31 | I9: 235.005 | J9: 289.324 | K9: 327.158 | L9: 336.39 | M9: 406.79
A10: 33670 | B10: 4986.53 | C10: 4987.305 | D10: 5026.236 | E10: 5042.038 | F10: 5000.7245 | G10: 5020.5958 | H10: 179.93 | I10: 205.62 | J10: 246.976 | K10: 302.251 | L10: 330.5065 | M10: 404.5556
A11: 33672 | B11: 4923.03 | C11: 4954.78 | D11: 4999.514 | E11: 5039.191 | F11: 4995.7055 | G11: 5027.043 | H11: 244.55 | I11: 212.24 | J11: 229.442 | K11: 289.813 | L11: 329.2095 | M11: 404.4148
A12: 33673 | B12: 4926.2 | C12: 4924.615 | D12: 4971.474 | E12: 5029.889 | F12: 4990.694 | G12: 5033.3076 | H12: 172.65 | I12: 208.6 | J12: 213.428 | K12: 269.523 | L12: 326.8125 | M12: 402.7316
A13: 33674 | B13: 4965.48 | C13: 4945.84 | D13: 4957.864 | E13: 5023.268 | F13: 4995.994 | G13: 5038.7738 | H13: 195.05 | I13: 183.85 | J13: 204.698 | K13: 260.953 | L13: 320.4325 | M13: 399.8554
... A4041: 39213 | B4041: 8031.54 | C4041: 8064.2 | D4041: 8078.442 | E4041: 8011.281 | F4041: 7999.6355 | G4041: 7864.1306 | H4041: 646.10032 | I4041: 692.64984 | J4041: 699.92513 | K4041: 750.58792 | L4041: 839.80711 | M4041: 860.3162

Sheet Rule
A1: Date | B1: Close | C1: MAI | D1: MVI | E1: 買入訊號 | F1: 賣出訊號 | G1: 資金 | H1: 股票 | I1: 總資金 | J1: 買入 | K1: 賣出 | L1: 買入持有總資金 | N1: 指標 | O1: 短 | P1: 長 | Q1: 買入訊號 | R1: 賣出訊號 | S1: 平均值 | T1: 標準差 | U1: 標準差倍數 | V1: 中心數
A2: 33661 | B2: 5019.22 | C2: =CHOOSE($O$2,MAMV!B2,MAMV!C2,MAMV!D2,MAMV!E2,MAMV!F2,MAMV!G2)/CHOOSE($P$2,MAMV!B2,MAMV!C2,MAMV!D2,MAMV!E2,MAMV!F2,MAMV!G2) -> 0.98497843 | D2: =CHOOSE($O$3,MAMV!H2,MAMV!I2,MAMV!J2,MAMV!K2,MAMV!L2,MAMV!M2)/CHOOSE($P$3,MAMV!H2,MAMV!I2,MAMV!J2,MAMV!K2,MAMV!L2,MAMV!M2) -> 0.9545827 | E2: =IF(AND(C2>$Q$2,D2>$Q$3),1,0) -> 0 | F2: =IF(AND(C2<$R$2,D2<$R$3),1,0) -> 0 | G2: 10000 | H2: 0 | I2: =G2+H2*B2 -> 10000 | J2: 0 | K2: 0 | L2: 10000 | N2: MAI | O2: 2 | P2: 5 | Q2: =$V2+$U2*$T2 -> 1.0454688 | R2: =$V2-$U2*$T2 -> 0.95453121 | S2: =AVERAGE(C2:C4041) -> 1.0013703 | T2: =STDEV(C2:C4041) -> 0.037890658 | U2: 1.2 | V2: 1
A3: 33662 | B3: 5031.69 | C3: =CHOOSE($O$2,MAMV!B3,MAMV!C3,MAMV!D3,MAMV!E3,MAMV!F3,MAMV!G3)/CHOOSE($P$2,MAMV!B3,MAMV!C3,MAMV!D3,MAMV!E3,MAMV!F3,MAMV!G3) -> 0.99642766 | D3: =CHOOSE($O$3,MAMV!H3,MAMV!I3,MAMV!J3,MAMV!K3,MAMV!L3,MAMV!M3)/CHOOSE($P$3,MAMV!H3,MAMV!I3,MAMV!J3,MAMV!K3,MAMV!L3,MAMV!M3) -> 0.86954218 | E3: =IF(AND(C3>$Q$2,D3>$Q$3),1,0) -> 0 | F3: =IF(AND(C3<$R$2,D3<$R$3),1,0) -> 0 | G3: =IF(E2=F2,G2,IF(E2=1,0,IF(G2>0,G2,H2*B3*(1-$O$4)))) -> 10000 | H3: =IF(E2=F2,H2,IF(E2=1,IF(H2>0,H2,(1-$O$5)*G2/B3),0)) -> 0 | I3: =G3+H3*B3 -> 10000 | J3: =IF(G3<G2,1,0) -> 0 | K3: =IF(H3<H2,1,0) -> 0 | L3: =($G$2/$B$2)*B3 -> 10024.844 | N3: MVI | O3: 2 | P3: 5 | Q3: =$V3+$U3*$T3 -> 1.3282175 | R3: =$V3-$U3*$T3 -> 0.67178247 | S3: =AVERAGE(D3:D4042) -> 1.010966 | T3: =STDEV(D3:D4042) -> 0.27351461 | U3: 1.2 | V3: 1
A4: 33663 | B4: 5142.42 | C4: =CHOOSE($O$2,MAMV!B4,MAMV!C4,MAMV!D4,MAMV!E4,MAMV!F4,MAMV!G4)/CHOOSE($P$2,MAMV!B4,MAMV!C4,MAMV!D4,MAMV!E4,MAMV!F4,MAMV!G4) -> 1.0111396 | D4: =CHOOSE($O$3,MAMV!H4,MAMV!I4,MAMV!J4,MAMV!K4,MAMV!L4,MAMV!M4)/CHOOSE($P$3,MAMV!H4,MAMV!I4,MAMV!J4,MAMV!K4,MAMV!L4,MAMV!M4) -> 0.88615515 | E4: =IF(AND(C4>$Q$2,D4>$Q$3),1,0) -> 0 | F4: =IF(AND(C4<$R$2,D4<$R$3),1,0) -> 0 | G4: =IF(E3=F3,G3,IF(E3=1,0,IF(G3>0,G3,H3*B4*(1-$O$4)))) -> 10000 | H4: =IF(E3=F3,H3,IF(E3=1,IF(H3>0,H3,(1-$O$5)*G3/B4),0)) -> 0 | I4: =G4+H4*B4 -> 10000 | J4: =IF(G4<G3,1,0) -> 0 | K4: =IF(H4<H3,1,0) -> 0 | L4: =($G$2/$B$2)*B4 -> 10245.456 | N4: 賣出成本率 | O4: 0.004425
A5: 33665 | B5: 5144.37 | C5: =CHOOSE($O$2,MAMV!B5,MAMV!C5,MAMV!D5,MAMV!E5,MAMV!F5,MAMV!G5)/CHOOSE($P$2,MAMV!B5,MAMV!C5,MAMV!D5,MAMV!E5,MAMV!F5,MAMV!G5) -> 1.0232839 | D5: =CHOOSE($O$3,MAMV!H5,MAMV!I5,MAMV!J5,MAMV!K5,MAMV!L5,MAMV!M5)/CHOOSE($P$3,MAMV!H5,MAMV!I5,MAMV!J5,MAMV!K5,MAMV!L5,MAMV!M5) -> 1.0357795 | E5: =IF(AND(C5>$Q$2,D5>$Q$3),1,0) -> 0 | F5: =IF(AND(C5<$R$2,D5<$R$3),1,0) -> 0 | G5: =IF(E4=F4,G4,IF(E4=1,0,IF(G4>0,G4,H4*B5*(1-$O$4)))) -> 10000 | H5: =IF(E4=F4,H4,IF(E4=1,IF(H4>0,H4,(1-$O$5)*G4/B5),0)) -> 0 | I5: =G5+H5*B5 -> 10000 | J5: =IF(G5<G4,1,0) -> 0 | K5: =IF(H5<H4,1,0) -> 0 | L5: =($G$2/$B$2)*B5 -> 10249.342 | N5: 買入成本率 | O5: 0.001425
A6: 33666 | B6: 5056.64 | C6: =CHOOSE($O$2,MAMV!B6,MAMV!C6,MAMV!D6,MAMV!E6,MAMV!F6,MAMV!G6)/CHOOSE($P$2,MAMV!B6,MAMV!C6,MAMV!D6,MAMV!E6,MAMV!F6,MAMV!G6) -> 1.0163786 | D6: =CHOOSE($O$3,MAMV!H6,MAMV!I6,MAMV!J6,MAMV!K6,MAMV!L6,MAMV!M6)/CHOOSE($P$3,MAMV!H6,MAMV!I6,MAMV!J6,MAMV!K6,MAMV!L6,MAMV!M6) -> 0.98879514 | E6: =IF(AND(C6>$Q$2,D6>$Q$3),1,0) -> 0 | F6: =IF(AND(C6<$R$2,D6<$R$3),1,0) -> 0 | G6: =IF(E5=F5,G5,IF(E5=1,0,IF(G5>0,G5,H5*B6*(1-$O$4)))) -> 10000 | H6: =IF(E5=F5,H5,IF(E5=1,IF(H5>0,H5,(1-$O$5)*G5/B6),0)) -> 0 | I6: =G6+H6*B6 -> 10000 | J6: =IF(G6<G5,1,0) -> 0 | K6: =IF(H6<H5,1,0) -> 0 | L6: =($G$2/$B$2)*B6 -> 10074.553 | O6: 全部 | P6: 訓練 | Q6: 測試 | S6: 期間1 | T6: 期間2 | U6: 期間3 | V6: 期間4 | W6: 期間5 | X6: 期間6 | Y6: 期間7 | Z6: 期間8 | AA6: 期間9 | AB6: 期間10 | AC6: 期間11 | AD6: 期間12 | AE6: 期間13 | AF6: 期間14 | AG6: 期間15 | AH6: 期間16 | AI6: 期間17 | AJ6: 期間18 | AK6: 期間19 | AL6: 期間20 | AM6: 期間21 | AN6: 期間22 | AO6: 期間23 | AP6: 期間24 | AQ6: 期間25 | AR6: 期間26 | AS6: 期間27 | AT6: 期間28 | AU6: 期間29 | AV6: 期間30 | AW6: 期間31 | AX6: 期間32 | AY6: 期間33 | AZ6: 期間34 | BA6: 期間35 | BB6: 期間36 | BC6: 期間37 | BD6: 期間38 | BE6: 期間39 | BF6: 期間40
A7: 33667 | B7: 5066.4 | C7: =CHOOSE($O$2,MAMV!B7,MAMV!C7,MAMV!D7,MAMV!E7,MAMV!F7,MAMV!G7)/CHOOSE($P$2,MAMV!B7,MAMV!C7,MAMV!D7,MAMV!E7,MAMV!F7,MAMV!G7) -> 1.0100003 | D7: =CHOOSE($O$3,MAMV!H7,MAMV!I7,MAMV!J7,MAMV!K7,MAMV!L7,MAMV!M7)/CHOOSE($P$3,MAMV!H7,MAMV!I7,MAMV!J7,MAMV!K7,MAMV!L7,MAMV!M7) -> 0.82812458 | E7: =IF(AND(C7>$Q$2,D7>$Q$3),1,0) -> 0 | F7: =IF(AND(C7<$R$2,D7<$R$3),1,0) -> 0 | G7: =IF(E6=F6,G6,IF(E6=1,0,IF(G6>0,G6,H6*B7*(1-$O$4)))) -> 10000 | H7: =IF(E6=F6,H6,IF(E6=1,IF(H6>0,H6,(1-$O$5)*G6/B7),0)) -> 0 | I7: =G7+H7*B7 -> 10000 | J7: =IF(G7<G6,1,0) -> 0 | K7: =IF(H7<H6,1,0) -> 0 | L7: =($G$2/$B$2)*B7 -> 10093.999 | N7: 投資組合期末資金 | O7: =I4041 -> 70367.918 | P7: =I2000 -> 25678.878 | Q7: =I4041 -> 70367.918 | S7: =$I$100 -> 10000 | T7: =$I$200 -> 10000 | U7: =$I$300 -> 12617.893 | V7: =$I$400 -> 11915.573 | W7: =$I$500 -> 12054.009 | X7: =$I$600 -> 14857.491 | Y7: =$I$700 -> 19099.536 | Z7: =$I$800 -> 18737.738 | AA7: =$I$900 -> 18103.837 | AB7: =$I$1000 -> 18103.837 | AC7: =$I$1100 -> 17938.618 | AD7: =$I$1200 -> 21592.654 | AE7: =$I$1300 -> 22334.73 | AF7: =$I$1400 -> 24689.252 | AG7: =$I$1500 -> 28669.954 | AH7: =$I$1600 -> 32002.923 | AI7: =$I$1700 -> 29830.293 | AJ7: =$I$1800 -> 26292.436 | AK7: =$I$1900 -> 24780.356 | AL7: =$I$2000 -> 25678.878 | AM7: =$I$2100 -> 28163.297 | AN7: =$I$2200 -> 27425.846 | AO7: =$I$2300 -> 30508.425 | AP7: =$I$2400 -> 30508.425 | AQ7: =$I$2500 -> 27795.882 | AR7: =$I$2600 -> 26363.052 | AS7: =$I$2700 -> 33732.445 | AT7: =$I$2800 -> 35423.895 | AU7: =$I$2900 -> 34951.337 | AV7: =$I$3000 -> 36007.346 | AW7: =$I$3100 -> 41520.899 | AX7: =$I$3200 -> 46303.883 | AY7: =$I$3300 -> 50868.822 | AZ7: =$I$3400 -> 52089.874 | BA7: =$I$3500 -> 54542.203 | BB7: =$I$3600 -> 56252.437 | BC7: =$I$3700 -> 54833.258 | BD7: =$I$3800 -> 62353.734 | BE7: =$I$3900 -> 61305.953 | BF7: =$I$4000 -> 66842.399
A8: 33668 | B8: 5033.53 | C8: =CHOOSE($O$2,MAMV!B8,MAMV!C8,MAMV!D8,MAMV!E8,MAMV!F8,MAMV!G8)/CHOOSE($P$2,MAMV!B8,MAMV!C8,MAMV!D8,MAMV!E8,MAMV!F8,MAMV!G8) -> 1.0080819 | D8: =CHOOSE($O$3,MAMV!H8,MAMV!I8,MAMV!J8,MAMV!K8,MAMV!L8,MAMV!M8)/CHOOSE($P$3,MAMV!H8,MAMV!I8,MAMV!J8,MAMV!K8,MAMV!L8,MAMV!M8) -> 0.71989851 | E8: =IF(AND(C8>$Q$2,D8>$Q$3),1,0) -> 0 | F8: =IF(AND(C8<$R$2,D8<$R$3),1,0) -> 0 | G8: =IF(E7=F7,G7,IF(E7=1,0,IF(G7>0,G7,H7*B8*(1-$O$4)))) -> 10000 | H8: =IF(E7=F7,H7,IF(E7=1,IF(H7>0,H7,(1-$O$5)*G7/B8),0)) -> 0 | I8: =G8+H8*B8 -> 10000 | J8: =IF(G8<G7,1,0) -> 0 | K8: =IF(H8<H7,1,0) -> 0 | L8: =($G$2/$B$2)*B8 -> 10028.51 | N8: 投資組合買入次數 | O8: =SUM(J2:J4041) -> 12 | P8: =SUM(J2:J2000) -> 4 | Q8: =SUM(J2001:J4041) -> 8 | S8: =SUM($J$2:$J$100) -> 0 | T8: =SUM($J$101:$J$200) -> 0 | U8: =SUM($J$201:$J$300) -> 1 | V8: =SUM($J$301:$J$400) -> 0 | W8: =SUM($J$401:$J$500) -> 1 | X8: =SUM($J$501:$J$600) -> 0 | Y8: =SUM($J$601:$J$700) -> 0 | Z8: =SUM($J$701:$J$800) -> 0 | AA8: =SUM($J$801:$J$900) -> 0 | AB8: =SUM($J$901:$J$1000) -> 0 | AC8: =SUM($J$1001:$J$1100) -> 1 | AD8: =SUM($J$1101:$J$1200) -> 0 | AE8: =SUM($J$1201:$J$1300) -> 0 | AF8: =SUM($J$1301:$J$1400) -> 0 | AG8: =SUM($J$1401:$J$1500) -> 0 | AH8: =SUM($J$1501:$J$1600) -> 0 | AI8: =SUM($J$1601:$J$1700) -> 0 | AJ8: =SUM($J$1701:$J$1800) -> 0 | AK8: =SUM($J$1801:$J$1900) -> 0 | AL8: =SUM($J$1901:$J$2000) -> 1 | AM8: =SUM($J$2001:$J$2100) -> 0 | AN8: =SUM($J$2101:$J$2200) -> 1 | AO8: =SUM($J$2201:$J$2300) -> 0 | AP8: =SUM($J$2301:$J$2400) -> 0 | AQ8: =SUM($J$2401:$J$2500) -> 2 | AR8: =SUM($J$2501:$J$2600) -> 0 | AS8: =SUM($J$2601:$J$2700) -> 1 | AT8: =SUM($J$2701:$J$2800) -> 1 | AU8: =SUM($J$2801:$J$2900) -> 0 | AV8: =SUM($J$2901:$J$3000) -> 1 | AW8: =SUM($J$3001:$J$3100) -> 1 | AX8: =SUM($J$3101:$J$3200) -> 0 | AY8: =SUM($J$3201:$J$3300) -> 0 | AZ8: =SUM($J$3301:$J$3400) -> 1 | BA8: =SUM($J$3401:$J$3500) -> 0 | BB8: =SUM($J$3501:$J$3600) -> 0 | BC8: =SUM($J$3601:$J$3700) -> 0 | BD8: =SUM($J$3701:$J$3800) -> 0 | BE8: =SUM($J$3801:$J$3900) -> 0 | BF8: =SUM($J$3901:$J$4000) -> 0
A9: 33669 | B9: 4988.08 | C9: =CHOOSE($O$2,MAMV!B9,MAMV!C9,MAMV!D9,MAMV!E9,MAMV!F9,MAMV!G9)/CHOOSE($P$2,MAMV!B9,MAMV!C9,MAMV!D9,MAMV!E9,MAMV!F9,MAMV!G9) -> 1.0009992 | D9: =CHOOSE($O$3,MAMV!H9,MAMV!I9,MAMV!J9,MAMV!K9,MAMV!L9,MAMV!M9)/CHOOSE($P$3,MAMV!H9,MAMV!I9,MAMV!J9,MAMV!K9,MAMV!L9,MAMV!M9) -> 0.69860876 | E9: =IF(AND(C9>$Q$2,D9>$Q$3),1,0) -> 0 | F9: =IF(AND(C9<$R$2,D9<$R$3),1,0) -> 0 | G9: =IF(E8=F8,G8,IF(E8=1,0,IF(G8>0,G8,H8*B9*(1-$O$4)))) -> 10000 | H9: =IF(E8=F8,H8,IF(E8=1,IF(H8>0,H8,(1-$O$5)*G8/B9),0)) -> 0 | I9: =G9+H9*B9 -> 10000 | J9: =IF(G9<G8,1,0) -> 0 | K9: =IF(H9<H8,1,0) -> 0 | L9: =($G$2/$B$2)*B9 -> 9937.9585 | N9: 買入持有期末資金 | O9: =L4041 -> 16001.57 | P9: =L2000 -> 13737.214 | Q9: =L4041 -> 16001.57 | S9: =$L$100 -> 8969.4614 | T9: =$L$200 -> 7091.7593 | U9: =$L$300 -> 8945.5931 | V9: =$L$400 -> 7798.1041 | W9: =$L$500 -> 8599.364 | X9: =$L$600 -> 10599.376 | Y9: =$L$700 -> 13625.663 | Z9: =$L$800 -> 13367.555 | AA9: =$L$900 -> 12172.409 | AB9: =$L$1000 -> 9614.6015 | AC9: =$L$1100 -> 10148.688 | AD9: =$L$1200 -> 12215.942 | AE9: =$L$1300 -> 12635.768 | AF9: =$L$1400 -> 13967.828 | AG9: =$L$1500 -> 16219.891 | AH9: =$L$1600 -> 18105.502 | AI9: =$L$1700 -> 16876.347 | AJ9: =$L$1800 -> 14874.821 | AK9: =$L$1900 -> 14019.37 | AL9: =$L$2000 -> 13737.214 | AM9: =$L$2100 -> 14662.378 | AN9: =$L$2200 -> 15705.628 | AO9: =$L$2300 -> 16785.477 | AP9: =$L$2400 -> 13446.372 | AQ9: =$L$2500 -> 11730.269 | AR9: =$L$2600 -> 9196.6481 | AS9: =$L$2700 -> 10377.828 | AT9: =$L$2800 -> 11569.527 | AU9: =$L$2900 -> 8349.903 | AV9: =$L$3000 -> 8830.9737 | AW9: =$L$3100 -> 10481.728 | AX9: =$L$3200 -> 11689.167 | AY9: =$L$3300 -> 11605.489 | AZ9: =$L$3400 -> 11845.167 | BA9: =$L$3500 -> 12402.824 | BB9: =$L$3600 -> 12791.729 | BC9: =$L$3700 -> 12469.009 | BD9: =$L$3800 -> 14179.155 | BE9: =$L$3900 -> 13940.891 | BF9: =$L$4000 -> 15199.872
A10: 33670 | B10: 4986.53 | C10: =CHOOSE($O$2,MAMV!B10,MAMV!C10,MAMV!D10,MAMV!E10,MAMV!F10,MAMV!G10)/CHOOSE($P$2,MAMV!B10,MAMV!C10,MAMV!D10,MAMV!E10,MAMV!F10,MAMV!G10) -> 0.99731649 | D10: =CHOOSE($O$3,MAMV!H10,MAMV!I10,MAMV!J10,MAMV!K10,MAMV!L10,MAMV!M10)/CHOOSE($P$3,MAMV!H10,MAMV!I10,MAMV!J10,MAMV!K10,MAMV!L10,MAMV!M10) -> 0.62213602 | E10: =IF(AND(C10>$Q$2,D10>$Q$3),1,0) -> 0 | F10: =IF(AND(C10<$R$2,D10<$R$3),1,0) -> 0 | G10: =IF(E9=F9,G9,IF(E9=1,0,IF(G9>0,G9,H9*B10*(1-$O$4)))) -> 10000 | H10: =IF(E9=F9,H9,IF(E9=1,IF(H9>0,H9,(1-$O$5)*G9/B10),0)) -> 0 | I10: =G10+H10*B10 -> 10000 | J10: =IF(G10<G9,1,0) -> 0 | K10: =IF(H10<H9,1,0) -> 0 | L10: =($G$2/$B$2)*B10 -> 9934.8704 | N10: 投資組合年報酬率 | O10: =(O7/10000)^(1/15.2)-1 -> 0.13696825 | P10: =(P7/10000)^(1/7.05)-1 -> 0.14313071 | Q10: =(Q7/P7)^(1/8.15)-1 -> 0.13166433 | S10: =(S7/10000)-1 -> 0 | T10: =(T7/S7)-1 -> 0 | U10: =(U7/T7)-1 -> 0.26178934 | V10: =(V7/U7)-1 -> -0.055660641 | W10: =(W7/V7)-1 -> 0.01161805 | X10: =(X7/W7)-1 -> 0.23257673 | Y10: =(Y7/X7)-1 -> 0.28551558 | Z10: =(Z7/Y7)-1 -> -0.018942773 | AA10: =(AA7/Z7)-1 -> -0.033830169 | ... BF10: =(BF7/BE7)-1 -> 0.090308464 | BG10: =AVERAGE(S10:BF10) -> 0.053274857 | BH10: =STDEV(S10:BF10) -> 0.10191919
A11: 33672 | B11: 4923.03 | C11: =CHOOSE($O$2,MAMV!B11,MAMV!C11,MAMV!D11,MAMV!E11,MAMV!F11,MAMV!G11)/CHOOSE($P$2,MAMV!B11,MAMV!C11,MAMV!D11,MAMV!E11,MAMV!F11,MAMV!G11) -> 0.99180786 | D11: =CHOOSE($O$3,MAMV!H11,MAMV!I11,MAMV!J11,MAMV!K11,MAMV!L11,MAMV!M11)/CHOOSE($P$3,MAMV!H11,MAMV!I11,MAMV!J11,MAMV!K11,MAMV!L11,MAMV!M11) -> 0.64469585 | E11: =IF(AND(C11>$Q$2,D11>$Q$3),1,0) -> 0 | F11: =IF(AND(C11<$R$2,D11<$R$3),1,0) -> 0 | G11: =IF(E10=F10,G10,IF(E10=1,0,IF(G10>0,G10,H10*B11*(1-$O$4)))) -> 10000 | H11: =IF(E10=F10,H10,IF(E10=1,IF(H10>0,H10,(1-$O$5)*G10/B11),0)) -> 0 | I11: =G11+H11*B11 -> 10000 | J11: =IF(G11<G10,1,0) -> 0 | K11: =IF(H11<H10,1,0) -> 0 | L11: =($G$2/$B$2)*B11 -> 9808.3567 | N11: 買入持有年報酬率 | O11: =(O9/10000)^(1/15.2)-1 -> 0.031410978 | P11: =(P9/10000)^(1/7.05)-1 -> 0.046068429 | Q11: =(Q9/P9)^(1/8.15)-1 -> 0.018897609 | S11: =(S9/10000)-1 -> -0.10305386 | T11: =(T9/S9)-1 -> -0.20934391 | U11: =(U9/T9)-1 -> 0.26140677 | V11: =(V9/U9)-1 -> -0.12827423 | W11: =(W9/V9)-1 -> 0.10275061 | X11: =(X9/W9)-1 -> 0.23257673 | Y11: =(Y9/X9)-1 -> 0.28551558 | Z11: =(Z9/Y9)-1 -> -0.018942773 | AA11: =(AA9/Z9)-1 -> -0.089406466 | ... BF11: =(BF9/BE9)-1 -> 0.090308464 | BG11: =AVERAGE(S11:BF11) -> 0.020056902 | BH11: =STDEV(S11:BF11) -> 0.13845708
A12: 33673 | B12: 4926.2 | C12: =CHOOSE($O$2,MAMV!B12,MAMV!C12,MAMV!D12,MAMV!E12,MAMV!F12,MAMV!G12)/CHOOSE($P$2,MAMV!B12,MAMV!C12,MAMV!D12,MAMV!E12,MAMV!F12,MAMV!G12) -> 0.98675956 | D12: =CHOOSE($O$3,MAMV!H12,MAMV!I12,MAMV!J12,MAMV!K12,MAMV!L12,MAMV!M12)/CHOOSE($P$3,MAMV!H12,MAMV!I12,MAMV!J12,MAMV!K12,MAMV!L12,MAMV!M12) -> 0.63828648 | E12: =IF(AND(C12>$Q$2,D12>$Q$3),1,0) -> 0 | F12: =IF(AND(C12<$R$2,D12<$R$3),1,0) -> 0 | G12: =IF(E11=F11,G11,IF(E11=1,0,IF(G11>0,G11,H11*B12*(1-$O$4)))) -> 10000 | H12: =IF(E11=F11,H11,IF(E11=1,IF(H11>0,H11,(1-$O$5)*G11/B12),0)) -> 0 | I12: =G12+H12*B12 -> 10000 | J12: =IF(G12<G11,1,0) -> 0 | K12: =IF(H12<H11,1,0) -> 0 | L12: =($G$2/$B$2)*B12 -> 9814.6724 | N12: 年報酬率差額 | O12: =O10-O11 -> 0.10555727 | P12: =P10-P11 -> 0.097062281 | Q12: =Q10-Q11 -> 0.11276672 | S12: =S10-S11 -> 0.10305386 | T12: =T10-T11 -> 0.20934391 | U12: =U10-U11 -> 0.00038257195 | V12: =V10-V11 -> 0.072613587 | W12: =W10-W11 -> -0.09113256 | X12: =X10-X11 -> 2.220446e-16 | Y12: =Y10-Y11 -> 0 | Z12: =Z10-Z11 -> -1.110223e-16 | ... BF12: =BF10-BF11 -> 0 | BG12: =AVERAGE(S12:BF12) -> 0.033217954 | BH12: =STDEV(S12:BF12) -> 0.083073294
A13: 33674 | B13: 4965.48 | C13: =CHOOSE($O$2,MAMV!B13,MAMV!C13,MAMV!D13,MAMV!E13,MAMV!F13,MAMV!G13)/CHOOSE($P$2,MAMV!B13,MAMV!C13,MAMV!D13,MAMV!E13,MAMV!F13,MAMV!G13) -> 0.98996116 | D13: =CHOOSE($O$3,MAMV!H13,MAMV!I13,MAMV!J13,MAMV!K13,MAMV!L13,MAMV!M13)/CHOOSE($P$3,MAMV!H13,MAMV!I13,MAMV!J13,MAMV!K13,MAMV!L13,MAMV!M13) -> 0.57375578 | E13: =IF(AND(C13>$Q$2,D13>$Q$3),1,0) -> 0 | F13: =IF(AND(C13<$R$2,D13<$R$3),1,0) -> 0 | G13: =IF(E12=F12,G12,IF(E12=1,0,IF(G12>0,G12,H12*B13*(1-$O$4)))) -> 10000 | H13: =IF(E12=F12,H12,IF(E12=1,IF(H12>0,H12,(1-$O$5)*G12/B13),0)) -> 0 | I13: =G13+H13*B13 -> 10000 | J13: =IF(G13<G12,1,0) -> 0 | K13: =IF(H13<H12,1,0) -> 0 | L13: =($G$2/$B$2)*B13 -> 9892.9316 | S13: =1+S10 -> 1 | T13: =1+T10 -> 1 | U13: =1+U10 -> 1.2617893 | V13: =1+V10 -> 0.94433936 | W13: =1+W10 -> 1.0116181 | X13: =1+X10 -> 1.2325767 | Y13: =1+Y10 -> 1.2855156 | Z13: =1+Z10 -> 0.98105723 | ... BF13: =1+BF10 -> 1.0903085
A14: 33675 | B14: 4984.86 | C14: =CHOOSE($O$2,MAMV!B14,MAMV!C14,MAMV!D14,MAMV!E14,MAMV!F14,MAMV!G14)/CHOOSE($P$2,MAMV!B14,MAMV!C14,MAMV!D14,MAMV!E14,MAMV!F14,MAMV!G14) -> 0.99366443 | D14: =CHOOSE($O$3,MAMV!H14,MAMV!I14,MAMV!J14,MAMV!K14,MAMV!L14,MAMV!M14)/CHOOSE($P$3,MAMV!H14,MAMV!I14,MAMV!J14,MAMV!K14,MAMV!L14,MAMV!M14) -> 0.79019795 | E14: =IF(AND(C14>$Q$2,D14>$Q$3),1,0) -> 0 | F14: =IF(AND(C14<$R$2,D14<$R$3),1,0) -> 0 | G14: =IF(E13=F13,G13,IF(E13=1,0,IF(G13>0,G13,H13*B14*(1-$O$4)))) -> 10000 | H14: =IF(E13=F13,H13,IF(E13=1,IF(H13>0,H13,(1-$O$5)*G13/B14),0)) -> 0 | I14: =G14+H14*B14 -> 10000 | J14: =IF(G14<G13,1,0) -> 0 | K14: =IF(H14<H13,1,0) -> 0 | L14: =($G$2/$B$2)*B14 -> 9931.5431 | S14: =1+S11 -> 0.89694614 | T14: =1+T11 -> 0.79065609 | U14: =1+U11 -> 1.2614068 | V14: =1+V11 -> 0.87172577 | W14: =1+W11 -> 1.1027506 | X14: =1+X11 -> 1.2325767 | Y14: =1+Y11 -> 1.2855156 | Z14: =1+Z11 -> 0.98105723 | ... BF14: =1+BF11 -> 1.0903085
A15: 33676 | B15: 5030.63 | C15: =CHOOSE($O$2,MAMV!B15,MAMV!C15,MAMV!D15,MAMV!E15,MAMV!F15,MAMV!G15)/CHOOSE($P$2,MAMV!B15,MAMV!C15,MAMV!D15,MAMV!E15,MAMV!F15,MAMV!G15) -> 0.99826431 | D15: =CHOOSE($O$3,MAMV!H15,MAMV!I15,MAMV!J15,MAMV!K15,MAMV!L15,MAMV!M15)/CHOOSE($P$3,MAMV!H15,MAMV!I15,MAMV!J15,MAMV!K15,MAMV!L15,MAMV!M15) -> 0.88772809 | E15: =IF(AND(C15>$Q$2,D15>$Q$3),1,0) -> 0 | F15: =IF(AND(C15<$R$2,D15<$R$3),1,0) -> 0 | G15: =IF(E14=F14,G14,IF(E14=1,0,IF(G14>0,G14,H14*B15*(1-$O$4)))) -> 10000 | H15: =IF(E14=F14,H14,IF(E14=1,IF(H14>0,H14,(1-$O$5)*G14/B15),0)) -> 0 | I15: =G15+H15*B15 -> 10000 | J15: =IF(G15<G14,1,0) -> 0 | K15: =IF(H15<H14,1,0) -> 0 | L15: =($G$2/$B$2)*B15 -> 10022.733 | S15: =1+S12 -> 1.1030539 | T15: =1+T12 -> 1.2093439 | U15: =1+U12 -> 1.0003826 | V15: =1+V12 -> 1.0726136 | W15: =1+W12 -> 0.90886744 | X15: =1+X12 -> 1 | Y15: =1+Y12 -> 1 | Z15: =1+Z12 -> 1 | ... BF15: =1+BF12 -> 1
A16: 33677 | B16: 5029.61 | C16: =CHOOSE($O$2,MAMV!B16,MAMV!C16,MAMV!D16,MAMV!E16,MAMV!F16,MAMV!G16)/CHOOSE($P$2,MAMV!B16,MAMV!C16,MAMV!D16,MAMV!E16,MAMV!F16,MAMV!G16) -> 1.002382 | D16: =CHOOSE($O$3,MAMV!H16,MAMV!I16,MAMV!J16,MAMV!K16,MAMV!L16,MAMV!M16)/CHOOSE($P$3,MAMV!H16,MAMV!I16,MAMV!J16,MAMV!K16,MAMV!L16,MAMV!M16) -> 0.94190014 | E16: =IF(AND(C16>$Q$2,D16>$Q$3),1,0) -> 0 | F16: =IF(AND(C16<$R$2,D16<$R$3),1,0) -> 0 | G16: =IF(E15=F15,G15,IF(E15=1,0,IF(G15>0,G15,H15*B16*(1-$O$4)))) -> 10000 | H16: =IF(E15=F15,H15,IF(E15=1,IF(H15>0,H15,(1-$O$5)*G15/B16),0)) -> 0 | I16: =G16+H16*B16 -> 10000 | J16: =IF(G16<G15,1,0) -> 0 | K16: =IF(H16<H15,1,0) -> 0 | L16: =($G$2/$B$2)*B16 -> 10020.7
A17: 33679 | B17: 5012.96 | C17: =CHOOSE($O$2,MAMV!B17,MAMV!C17,MAMV!D17,MAMV!E17,MAMV!F17,MAMV!G17)/CHOOSE($P$2,MAMV!B17,MAMV!C17,MAMV!D17,MAMV!E17,MAMV!F17,MAMV!G17) -> 0.99999781 | D17: =CHOOSE($O$3,MAMV!H17,MAMV!I17,MAMV!J17,MAMV!K17,MAMV!L17,MAMV!M17)/CHOOSE($P$3,MAMV!H17,MAMV!I17,MAMV!J17,MAMV!K17,MAMV!L17,MAMV!M17) -> 0.97219346 | E17: =IF(AND(C17>$Q$2,D17>$Q$3),1,0) -> 0 | F17: =IF(AND(C17<$R$2,D17<$R$3),1,0) -> 0 | G17: =IF(E16=F16,G16,IF(E16=1,0,IF(G16>0,G16,H16*B17*(1-$O$4)))) -> 10000 | H17: =IF(E16=F16,H16,IF(E16=1,IF(H16>0,H16,(1-$O$5)*G16/B17),0)) -> 0 | I17: =G17+H17*B17 -> 10000 | J17: =IF(G17<G16,1,0) -> 0 | K17: =IF(H17<H16,1,0) -> 0 | L17: =($G$2/$B$2)*B17 -> 9987.5279
A18: 33680 | B18: 4890.32 | C18: =CHOOSE($O$2,MAMV!B18,MAMV!C18,MAMV!D18,MAMV!E18,MAMV!F18,MAMV!G18)/CHOOSE($P$2,MAMV!B18,MAMV!C18,MAMV!D18,MAMV!E18,MAMV!F18,MAMV!G18) -> 0.98794271 | D18: =CHOOSE($O$3,MAMV!H18,MAMV!I18,MAMV!J18,MAMV!K18,MAMV!L18,MAMV!M18)/CHOOSE($P$3,MAMV!H18,MAMV!I18,MAMV!J18,MAMV!K18,MAMV!L18,MAMV!M18) -> 0.91298129 | E18: =IF(AND(C18>$Q$2,D18>$Q$3),1,0) -> 0 | F18: =IF(AND(C18<$R$2,D18<$R$3),1,0) -> 0 | G18: =IF(E17=F17,G17,IF(E17=1,0,IF(G17>0,G17,H17*B18*(1-$O$4)))) -> 10000 | H18: =IF(E17=F17,H17,IF(E17=1,IF(H17>0,H17,(1-$O$5)*G17/B18),0)) -> 0 | I18: =G18+H18*B18 -> 10000 | J18: =IF(G18<G17,1,0) -> 0 | K18: =IF(H18<H17,1,0) -> 0 | L18: =($G$2/$B$2)*B18 -> 9743.1872
A19: 33681 | B19: 4851.95 | C19: =CHOOSE($O$2,MAMV!B19,MAMV!C19,MAMV!D19,MAMV!E19,MAMV!F19,MAMV!G19)/CHOOSE($P$2,MAMV!B19,MAMV!C19,MAMV!D19,MAMV!E19,MAMV!F19,MAMV!G19) -> 0.97400152 | D19: =CHOOSE($O$3,MAMV!H19,MAMV!I19,MAMV!J19,MAMV!K19,MAMV!L19,MAMV!M19)/CHOOSE($P$3,MAMV!H19,MAMV!I19,MAMV!J19,MAMV!K19,MAMV!L19,MAMV!M19) -> 0.93513669 | E19: =IF(AND(C19>$Q$2,D19>$Q$3),1,0) -> 0 | F19: =IF(AND(C19<$R$2,D19<$R$3),1,0) -> 0 | G19: =IF(E18=F18,G18,IF(E18=1,0,IF(G18>0,G18,H18*B19*(1-$O$4)))) -> 10000 | H19: =IF(E18=F18,H18,IF(E18=1,IF(H18>0,H18,(1-$O$5)*G18/B19),0)) -> 0 | I19: =G19+H19*B19 -> 10000 | J19: =IF(G19<G18,1,0) -> 0 | K19: =IF(H19<H18,1,0) -> 0 | L19: =($G$2/$B$2)*B19 -> 9666.741
A20: 33682 | B20: 4810.23 | C20: =CHOOSE($O$2,MAMV!B20,MAMV!C20,MAMV!D20,MAMV!E20,MAMV!F20,MAMV!G20)/CHOOSE($P$2,MAMV!B20,MAMV!C20,MAMV!D20,MAMV!E20,MAMV!F20,MAMV!G20) -> 0.96771166 | D20: =CHOOSE($O$3,MAMV!H20,MAMV!I20,MAMV!J20,MAMV!K20,MAMV!L20,MAMV!M20)/CHOOSE($P$3,MAMV!H20,MAMV!I20,MAMV!J20,MAMV!K20,MAMV!L20,MAMV!M20) -> 0.79906804 | E20: =IF(AND(C20>$Q$2,D20>$Q$3),1,0) -> 0 | F20: =IF(AND(C20<$R$2,D20<$R$3),1,0) -> 0 | G20: =IF(E19=F19,G19,IF(E19=1,0,IF(G19>0,G19,H19*B20*(1-$O$4)))) -> 10000 | H20: =IF(E19=F19,H19,IF(E19=1,IF(H19>0,H19,(1-$O$5)*G19/B20),0)) -> 0 | I20: =G20+H20*B20 -> 10000 | J20: =IF(G20<G19,1,0) -> 0 | K20: =IF(H20<H19,1,0) -> 0 | L20: =($G$2/$B$2)*B20 -> 9583.6206
A21: 33683 | B21: 4818.18 | C21: =CHOOSE($O$2,MAMV!B21,MAMV!C21,MAMV!D21,MAMV!E21,MAMV!F21,MAMV!G21)/CHOOSE($P$2,MAMV!B21,MAMV!C21,MAMV!D21,MAMV!E21,MAMV!F21,MAMV!G21) -> 0.9656188 | D21: =CHOOSE($O$3,MAMV!H21,MAMV!I21,MAMV!J21,MAMV!K21,MAMV!L21,MAMV!M21)/CHOOSE($P$3,MAMV!H21,MAMV!I21,MAMV!J21,MAMV!K21,MAMV!L21,MAMV!M21) -> 0.68940777 | E21: =IF(AND(C21>$Q$2,D21>$Q$3),1,0) -> 0 | F21: =IF(AND(C21<$R$2,D21<$R$3),1,0) -> 0 | G21: =IF(E20=F20,G20,IF(E20=1,0,IF(G20>0,G20,H20*B21*(1-$O$4)))) -> 10000 | H21: =IF(E20=F20,H20,IF(E20=1,IF(H20>0,H20,(1-$O$5)*G20/B21),0)) -> 0 | I21: =G21+H21*B21 -> 10000 | J21: =IF(G21<G20,1,0) -> 0 | K21: =IF(H21<H20,1,0) -> 0 | L21: =($G$2/$B$2)*B21 -> 9599.4597
A22: 33684 | B22: 4745.03 | C22: =CHOOSE($O$2,MAMV!B22,MAMV!C22,MAMV!D22,MAMV!E22,MAMV!F22,MAMV!G22)/CHOOSE($P$2,MAMV!B22,MAMV!C22,MAMV!D22,MAMV!E22,MAMV!F22,MAMV!G22) -> 0.96172455 | D22: =CHOOSE($O$3,MAMV!H22,MAMV!I22,MAMV!J22,MAMV!K22,MAMV!L22,MAMV!M22)/CHOOSE($P$3,MAMV!H22,MAMV!I22,MAMV!J22,MAMV!K22,MAMV!L22,MAMV!M22) -> 0.61610088 | E22: =IF(AND(C22>$Q$2,D22>$Q$3),1,0) -> 0 | F22: =IF(AND(C22<$R$2,D22<$R$3),1,0) -> 0 | G22: =IF(E21=F21,G21,IF(E21=1,0,IF(G21>0,G21,H21*B22*(1-$O$4)))) -> 10000 | H22: =IF(E21=F21,H21,IF(E21=1,IF(H21>0,H21,(1-$O$5)*G21/B22),0)) -> 0 | I22: =G22+H22*B22 -> 10000 | J22: =IF(G22<G21,1,0) -> 0 | K22: =IF(H22<H21,1,0) -> 0 | L22: =($G$2/$B$2)*B22 -> 9453.7199
A23: 33686 | B23: 4685.16 | C23: =CHOOSE($O$2,MAMV!B23,MAMV!C23,MAMV!D23,MAMV!E23,MAMV!F23,MAMV!G23)/CHOOSE($P$2,MAMV!B23,MAMV!C23,MAMV!D23,MAMV!E23,MAMV!F23,MAMV!G23) -> 0.95166382 | D23: =CHOOSE($O$3,MAMV!H23,MAMV!I23,MAMV!J23,MAMV!K23,MAMV!L23,MAMV!M23)/CHOOSE($P$3,MAMV!H23,MAMV!I23,MAMV!J23,MAMV!K23,MAMV!L23,MAMV!M23) -> 0.6317606 | E23: =IF(AND(C23>$Q$2,D23>$Q$3),1,0) -> 0 | F23: =IF(AND(C23<$R$2,D23<$R$3),1,0) -> 1 | G23: =IF(E22=F22,G22,IF(E22=1,0,IF(G22>0,G22,H22*B23*(1-$O$4)))) -> 10000 | H23: =IF(E22=F22,H22,IF(E22=1,IF(H22>0,H22,(1-$O$5)*G22/B23),0)) -> 0 | I23: =G23+H23*B23 -> 10000 | J23: =IF(G23<G22,1,0) -> 0 | K23: =IF(H23<H22,1,0) -> 0 | L23: =($G$2/$B$2)*B23 -> 9334.4384
A24: 33687 | B24: 4790.1 | C24: =CHOOSE($O$2,MAMV!B24,MAMV!C24,MAMV!D24,MAMV!E24,MAMV!F24,MAMV!G24)/CHOOSE($P$2,MAMV!B24,MAMV!C24,MAMV!D24,MAMV!E24,MAMV!F24,MAMV!G24) -> 0.95962408 | D24: =CHOOSE($O$3,MAMV!H24,MAMV!I24,MAMV!J24,MAMV!K24,MAMV!L24,MAMV!M24)/CHOOSE($P$3,MAMV!H24,MAMV!I24,MAMV!J24,MAMV!K24,MAMV!L24,MAMV!M24) -> 0.78207117 | E24: =IF(AND(C24>$Q$2,D24>$Q$3),1,0) -> 0 | F24: =IF(AND(C24<$R$2,D24<$R$3),1,0) -> 0 | G24: =IF(E23=F23,G23,IF(E23=1,0,IF(G23>0,G23,H23*B24*(1-$O$4)))) -> 10000 | H24: =IF(E23=F23,H23,IF(E23=1,IF(H23>0,H23,(1-$O$5)*G23/B24),0)) -> 0 | I24: =G24+H24*B24 -> 10000 | J24: =IF(G24<G23,1,0) -> 0 | K24: =IF(H24<H23,1,0) -> 0 | L24: =($G$2/$B$2)*B24 -> 9543.5147
A25: 33688 | B25: 4721.25 | C25: =CHOOSE($O$2,MAMV!B25,MAMV!C25,MAMV!D25,MAMV!E25,MAMV!F25,MAMV!G25)/CHOOSE($P$2,MAMV!B25,MAMV!C25,MAMV!D25,MAMV!E25,MAMV!F25,MAMV!G25) -> 0.96742479 | D25: =CHOOSE($O$3,MAMV!H25,MAMV!I25,MAMV!J25,MAMV!K25,MAMV!L25,MAMV!M25)/CHOOSE($P$3,MAMV!H25,MAMV!I25,MAMV!J25,MAMV!K25,MAMV!L25,MAMV!M25) -> 0.81514234 | E25: =IF(AND(C25>$Q$2,D25>$Q$3),1,0) -> 0 | F25: =IF(AND(C25<$R$2,D25<$R$3),1,0) -> 0 | G25: =IF(E24=F24,G24,IF(E24=1,0,IF(G24>0,G24,H24*B25*(1-$O$4)))) -> 10000 | H25: =IF(E24=F24,H24,IF(E24=1,IF(H24>0,H24,(1-$O$5)*G24/B25),0)) -> 0 | I25: =G25+H25*B25 -> 10000 | J25: =IF(G25<G24,1,0) -> 0 | K25: =IF(H25<H24,1,0) -> 0 | L25: =($G$2/$B$2)*B25 -> 9406.342
A26: 33689 | B26: 4792.54 | C26: =CHOOSE($O$2,MAMV!B26,MAMV!C26,MAMV!D26,MAMV!E26,MAMV!F26,MAMV!G26)/CHOOSE($P$2,MAMV!B26,MAMV!C26,MAMV!D26,MAMV!E26,MAMV!F26,MAMV!G26) -> 0.97027936 | D26: =CHOOSE($O$3,MAMV!H26,MAMV!I26,MAMV!J26,MAMV!K26,MAMV!L26,MAMV!M26)/CHOOSE($P$3,MAMV!H26,MAMV!I26,MAMV!J26,MAMV!K26,MAMV!L26,MAMV!M26) -> 0.83242755 | E26: =IF(AND(C26>$Q$2,D26>$Q$3),1,0) -> 0 | F26: =IF(AND(C26<$R$2,D26<$R$3),1,0) -> 0 | G26: =IF(E25=F25,G25,IF(E25=1,0,IF(G25>0,G25,H25*B26*(1-$O$4)))) -> 10000 | H26: =IF(E25=F25,H25,IF(E25=1,IF(H25>0,H25,(1-$O$5)*G25/B26),0)) -> 0 | I26: =G26+H26*B26 -> 10000 | J26: =IF(G26<G25,1,0) -> 0 | K26: =IF(H26<H25,1,0) -> 0 | L26: =($G$2/$B$2)*B26 -> 9548.376
A27: 33690 | B27: 4817.35 | C27: =CHOOSE($O$2,MAMV!B27,MAMV!C27,MAMV!D27,MAMV!E27,MAMV!F27,MAMV!G27)/CHOOSE($P$2,MAMV!B27,MAMV!C27,MAMV!D27,MAMV!E27,MAMV!F27,MAMV!G27) -> 0.982576 | D27: =CHOOSE($O$3,MAMV!H27,MAMV!I27,MAMV!J27,MAMV!K27,MAMV!L27,MAMV!M27)/CHOOSE($P$3,MAMV!H27,MAMV!I27,MAMV!J27,MAMV!K27,MAMV!L27,MAMV!M27) -> 0.98207055 | E27: =IF(AND(C27>$Q$2,D27>$Q$3),1,0) -> 0 | F27: =IF(AND(C27<$R$2,D27<$R$3),1,0) -> 0 | G27: =IF(E26=F26,G26,IF(E26=1,0,IF(G26>0,G26,H26*B27*(1-$O$4)))) -> 10000 | H27: =IF(E26=F26,H26,IF(E26=1,IF(H26>0,H26,(1-$O$5)*G26/B27),0)) -> 0 | I27: =G27+H27*B27 -> 10000 | J27: =IF(G27<G26,1,0) -> 0 | K27: =IF(H27<H26,1,0) -> 0 | L27: =($G$2/$B$2)*B27 -> 9597.806
... A4041: 39213 | B4041: 8031.54 | C4041: =CHOOSE($O$2,MAMV!B4041,MAMV!C4041,MAMV!D4041,MAMV!E4041,MAMV!F4041,MAMV!G4041)/CHOOSE($P$2,MAMV!B4041,MAMV!C4041,MAMV!D4041,MAMV!E4041,MAMV!F4041,MAMV!G4041) -> 1.0080709 | D4041: =CHOOSE($O$3,MAMV!H4041,MAMV!I4041,MAMV!J4041,MAMV!K4041,MAMV!L4041,MAMV!M4041)/CHOOSE($P$3,MAMV!H4041,MAMV!I4041,MAMV!J4041,MAMV!K4041,MAMV!L4041,MAMV!M4041) -> 0.82477254 | E4041: =IF(AND(C4041>$Q$2,D4041>$Q$3),1,0) -> 0 | F4041: =IF(AND(C4041<$R$2,D4041<$R$3),1,0) -> 0 | G4041: =IF(E4040=F4040,G4040,IF(E4040=1,0,IF(G4040>0,G4040,H4040*B4041*(1-$O$4)))) -> 0 | H4041: =IF(E4040=F4040,H4040,IF(E4040=1,IF(H4040>0,H4040,(1-$O$5)*G4040/B4041),0)) -> 8.7614478 | I4041: =G4041+H4041*B4041 -> 70367.918 | J4041: =IF(G4041<G4040,1,0) -> 0 | K4041: =IF(H4041<H4040,1,0) -> 0 | L4041: =($G$2/$B$2)*B4041 -> 16001.57
